{
    "name": "root",
    "gauges": {
        "NPC.Policy.Entropy.mean": {
            "value": 1.3396613597869873,
            "min": 1.3396613597869873,
            "max": 1.3631651401519775,
            "count": 2
        },
        "NPC.Policy.Entropy.sum": {
            "value": 67004.5,
            "min": 55551.70703125,
            "max": 67004.5,
            "count": 2
        },
        "NPC.Step.mean": {
            "value": 149968.0,
            "min": 99952.0,
            "max": 149968.0,
            "count": 2
        },
        "NPC.Step.sum": {
            "value": 149968.0,
            "min": 99952.0,
            "max": 149968.0,
            "count": 2
        },
        "NPC.Policy.ExtrinsicValueEstimate.mean": {
            "value": 373.80816650390625,
            "min": 152.0056610107422,
            "max": 373.80816650390625,
            "count": 2
        },
        "NPC.Policy.ExtrinsicValueEstimate.sum": {
            "value": 296056.0625,
            "min": 97891.6484375,
            "max": 296056.0625,
            "count": 2
        },
        "NPC.Environment.EpisodeLength.mean": {
            "value": 1199.0,
            "min": 1199.0,
            "max": 1199.0,
            "count": 2
        },
        "NPC.Environment.EpisodeLength.sum": {
            "value": 50358.0,
            "min": 39567.0,
            "max": 50358.0,
            "count": 2
        },
        "NPC.Environment.CumulativeReward.mean": {
            "value": 13474.80470203218,
            "min": 11653.296376546225,
            "max": 13474.80470203218,
            "count": 2
        },
        "NPC.Environment.CumulativeReward.sum": {
            "value": 565941.7974853516,
            "min": 384558.7804260254,
            "max": 565941.7974853516,
            "count": 2
        },
        "NPC.Policy.ExtrinsicReward.mean": {
            "value": 13474.80470203218,
            "min": 11653.296376546225,
            "max": 13474.80470203218,
            "count": 2
        },
        "NPC.Policy.ExtrinsicReward.sum": {
            "value": 565941.7974853516,
            "min": 384558.7804260254,
            "max": 565941.7974853516,
            "count": 2
        },
        "NPC.Losses.PolicyLoss.mean": {
            "value": 0.02335019157578548,
            "min": 0.022170317281658452,
            "max": 0.02335019157578548,
            "count": 2
        },
        "NPC.Losses.PolicyLoss.sum": {
            "value": 0.1167509578789274,
            "min": 0.06651095184497535,
            "max": 0.1167509578789274,
            "count": 2
        },
        "NPC.Losses.ValueLoss.mean": {
            "value": 11688.051533203125,
            "min": 9618.816064453125,
            "max": 11688.051533203125,
            "count": 2
        },
        "NPC.Losses.ValueLoss.sum": {
            "value": 58440.25766601562,
            "min": 28856.448193359374,
            "max": 58440.25766601562,
            "count": 2
        },
        "NPC.Policy.LearningRate.mean": {
            "value": 0.00022737602420800002,
            "min": 0.00022737602420800002,
            "max": 0.00025208321597226666,
            "count": 2
        },
        "NPC.Policy.LearningRate.sum": {
            "value": 0.0011368801210400001,
            "min": 0.0007562496479167999,
            "max": 0.0011368801210400001,
            "count": 2
        },
        "NPC.Policy.Epsilon.mean": {
            "value": 0.175792,
            "min": 0.175792,
            "max": 0.18402773333333333,
            "count": 2
        },
        "NPC.Policy.Epsilon.sum": {
            "value": 0.87896,
            "min": 0.5520832,
            "max": 0.87896,
            "count": 2
        },
        "NPC.Policy.Beta.mean": {
            "value": 0.0037920208000000004,
            "min": 0.0037920208000000004,
            "max": 0.004202983893333334,
            "count": 2
        },
        "NPC.Policy.Beta.sum": {
            "value": 0.018960104000000002,
            "min": 0.012608951680000001,
            "max": 0.018960104000000002,
            "count": 2
        },
        "NPC.IsTraining.mean": {
            "value": 1.0,
            "min": 1.0,
            "max": 1.0,
            "count": 2
        },
        "NPC.IsTraining.sum": {
            "value": 1.0,
            "min": 1.0,
            "max": 1.0,
            "count": 2
        }
    },
    "metadata": {
        "timer_format_version": "0.1.0",
        "start_time_seconds": "1635970016",
        "python_version": "3.9.2 (tags/v3.9.2:1a79785, Feb 19 2021, 13:44:55) [MSC v.1928 64 bit (AMD64)]",
        "command_line_arguments": "C:\\Users\\typin\\Documents\\repos\\IA-project\\intelligent-npc\\venv\\Scripts\\mlagents-learn --resume",
        "mlagents_version": "0.27.0",
        "mlagents_envs_version": "0.27.0",
        "communication_protocol_version": "1.5.0",
        "pytorch_version": "1.7.1+cu110",
        "numpy_version": "1.21.3",
        "end_time_seconds": "1635970807"
    },
    "total": 791.1814582,
    "count": 1,
    "self": 0.006881900000053065,
    "children": {
        "run_training.setup": {
            "total": 0.12021590000000004,
            "count": 1,
            "self": 0.12021590000000004
        },
        "TrainerController.start_learning": {
            "total": 791.0543604,
            "count": 1,
            "self": 1.5170385999812197,
            "children": {
                "TrainerController._reset_env": {
                    "total": 16.2121861,
                    "count": 1,
                    "self": 16.2121861
                },
                "TrainerController.advance": {
                    "total": 773.2314179000186,
                    "count": 113251,
                    "self": 1.3195342000235541,
                    "children": {
                        "env_step": {
                            "total": 740.8916067999928,
                            "count": 113251,
                            "self": 552.0701670000243,
                            "children": {
                                "SubprocessEnvManager._take_step": {
                                    "total": 187.81996189998696,
                                    "count": 113251,
                                    "self": 4.246556999978537,
                                    "children": {
                                        "TorchPolicy.evaluate": {
                                            "total": 183.57340490000843,
                                            "count": 113251,
                                            "self": 50.19536790000336,
                                            "children": {
                                                "TorchPolicy.sample_actions": {
                                                    "total": 133.37803700000507,
                                                    "count": 113251,
                                                    "self": 133.37803700000507
                                                }
                                            }
                                        }
                                    }
                                },
                                "workers": {
                                    "total": 1.0014778999815306,
                                    "count": 113250,
                                    "self": 0.0,
                                    "children": {
                                        "worker_root": {
                                            "total": 773.3242740000194,
                                            "count": 113250,
                                            "is_parallel": true,
                                            "self": 291.6128661000143,
                                            "children": {
                                                "steps_from_proto": {
                                                    "total": 0.0017441999999991964,