{
    "name": "root",
    "metadata": {
        "timer_format_version": "0.1.0",
        "start_time_seconds": "1636039523",
        "python_version": "3.9.2 (tags/v3.9.2:1a79785, Feb 19 2021, 13:44:55) [MSC v.1928 64 bit (AMD64)]",
        "command_line_arguments": "C:\\Users\\typin\\Documents\\repos\\IA-project\\intelligent-npc\\venv\\Scripts\\mlagents-learn --force",
        "mlagents_version": "0.27.0",
        "mlagents_envs_version": "0.27.0",
        "communication_protocol_version": "1.5.0",
        "pytorch_version": "1.7.1+cu110",
        "numpy_version": "1.21.3",
        "end_time_seconds": "1636039594"
    },
    "total": 70.4692419,
    "count": 1,
    "self": 0.007433000000006018,
    "children": {
        "run_training.setup": {
            "total": 0.025603299999999996,
            "count": 1,
            "self": 0.025603299999999996
        },
        "TrainerController.start_learning": {
            "total": 70.4362056,
            "count": 1,
            "self": 0.01160080000008179,
            "children": {
                "TrainerController._reset_env": {
                    "total": 10.7920756,
                    "count": 1,
                    "self": 10.7920756
                },
                "TrainerController.advance": {
                    "total": 59.56301969999991,
                    "count": 914,
                    "self": 0.009696000000445792,
                    "children": {
                        "env_step": {
                            "total": 59.478356899999724,
                            "count": 914,
                            "self": 56.90903749999958,
                            "children": {
                                "SubprocessEnvManager._take_step": {
                                    "total": 2.5623388999999737,
                                    "count": 914,
                                    "self": 0.03786030000001972,
                                    "children": {
                                        "TorchPolicy.evaluate": {
                                            "total": 2.524478599999954,
                                            "count": 914,
                                            "self": 0.5453616999997681,
                                            "children": {
                                                "TorchPolicy.sample_actions": {
                                                    "total": 1.9791169000001858,
                                                    "count": 914,
                                                    "self": 1.9791169000001858
                                                }
                                            }
                                        }
                                    }
                                },
                                "workers": {
                                    "total": 0.006980500000173251,
                                    "count": 913,
                                    "self": 0.0,
                                    "children": {
                                        "worker_root": {
                                            "total": 60.692853499999835,
                                            "count": 913,
                                            "is_parallel": true,
                                            "self": 4.3901403000000485,
                                            "children": {
                                                "steps_from_proto": {
                                                    "total": 0.00032449999999961676,
                                                    "count": 1,
                                                    "is_parallel": true,
                                                    "self": 0.00011040000000051009,
                                                    "children": {
                                                        "_process_rank_one_or_two_observation": {
                                                            "total": 0.00021409999999910667,
                                                            "count": 6,
                                                            "is_parallel": true,
                                                            "self": 0.00021409999999910667
                                                        }
                                                    }
                                                },
                                                "UnityEnvironment.step": {
                                                    "total": 56.30238869999979,
                                                    "count": 913,
                                                    "is_parallel": true,
                                                    "self": 0.04804400000001152,
                                                    "children": {
                                                        "UnityEnvironment._generate_step_input": {
                                                            "total": 0.03681330000006788,
                                                            "count": 913,
                                                            "is_parallel": true,
                                                            "self": 0.03681330000006788
                                                        },
                                                        "communicator.exchange": {
                                                            "total": 56.03563439999983,
                                                            "count": 913,
                                                            "is_parallel": true,
                                                            "self": 56.03563439999983
                                                        },
                                                        "steps_from_proto": {
                                                            "total": 0.1818969999998803,
                                                            "count": 913,
                                                            "is_parallel": true,
                                                            "self": 0.07586889999983448,
                                                            "children": {
                                                                "_process_rank_one_or_two_observation": {
                                                                    "total": 0.10602810000004581,
                                                                    "count": 5478,
                                                                    "is_parallel": true,
                                                                    "self": 0.10602810000004581
                                                                }
                                                            }
                                                        }
                                                    }
                                                }
                                            }
                                        }
                                    }
                                }
                            }
                        },
                        "trainer_advance": {
                            "total": 0.07496679999973921,
                            "count": 913,
                            "self": 0.01249869999977804,
                            "children": {
                                "process_trajectory": {
                                    "total": 0.06246809999996117,
                                    "count": 913,
                                    "self": 0.06246809999996117
                                }
                            }
                        }
                    }
                },