{"count":1,"self":663.7816832,"total":997.7084103,"children":{"InitializeActuators":{"count":4,"self":0.00099899999999999989,"total":0.00099899999999999989,"children":null},"InitializeSensors":{"count":4,"self":0.0019990999999999997,"total":0.0019990999999999997,"children":null},"AgentSendState":{"count":303238,"self":2.7626402,"total":6.2138941999999995,"children":{"CollectObservations":{"count":242592,"self":0.3007163,"total":0.3007163,"children":null},"WriteActionMask":{"count":242592,"self":0.12015609999999999,"total":0.12015609999999999,"children":null},"RequestDecision":{"count":242592,"self":0.5031593,"total":3.0303815999999997,"children":{"AgentInfo.ToProto":{"count":242592,"self":0.4607248,"total":2.5272223,"children":{"GenerateSensorData":{"count":242592,"self":1.8132868,"total":2.0664975,"children":{"RayPerceptionSensor.Perceive":{"count":485184,"self":0.2532108,"total":0.2532108,"children":null}}}}}}}}},"DecideAction":{"count":303238,"self":326.83368959999996,"total":326.8336809,"children":null},"AgentAct":{"count":303238,"self":0.8711393,"total":0.8761391,"children":{"AgentInfo.ToProto":{"count":200,"self":0,"total":0.0049997999999999996,"children":{"GenerateSensorData":{"count":200,"self":0.0039994,"total":0.0049997999999999996,"children":{"RayPerceptionSensor.Perceive":{"count":400,"self":0.0010004,"total":0.0010004,"children":null}}}}}}}},"gauges":{"NPC.CumulativeReward":{"count":200,"max":14945.9443,"min":13021.6738,"runningAverage":14411.8789,"value":14806.4365,"weightedAverage":14594.8486}},"metadata":{"timer_format_version":"0.1.0","start_time_seconds":"1636040853","unity_version":"2021.2.0f1","command_line_arguments":"C:\\Program Files\\Unity\\Hub\\Editor\\2021.2.0f1\\Editor\\Unity.exe -projectpath C:\/Users\/typin\/Documents\/repos\/IA-project\/intelligent-npc -useHub -hubIPC -cloudEnvironment production -hubSessionId db23bb30-3d76-11ec-b137-5b9d08707ae8 -accessToken Wg2ysWjAnqNnkUDyYxwj59V0h6B9jU5DpvE2fjgM7Mo006f","communication_protocol_version":"1.5.0","com.unity.ml-agents_version":"2.0.0","scene_name":"SampleScene","end_time_seconds":"1636041851"}}